{
    "n_rx": 4,
    "f_slope": 40845000000000.0,
    "fs": 3000000.0,
    "bw": 3746000000.0,
    "n_chirp": 2,
    "n_adc": 256,
    "fc": 60250000000.0,
    "c": 300000000.0,
    "lamda": 0.00482912930798577,
    "range_res": 0.0400427122263748,
    "range_max": 11.017260374586852,
    "tc": 9.171257191822745e-05,
    "n_fft": 1024,
    "fft_res": 0.010759043334557473,
    "fps": 20,
    "data_len": 6000,
    "Tm" : 50e-3

}
